id;title;lon;lat;status;problem;evidence;proposal;mechanism;limit;fieldwork;ratings;sources;confidence;stop;type;metric;score;rank
m14;Доступный путь: школа для детей с ОВЗ №2;47.165321172727275;56.138706218181824;место для обследования;"Путь в обычном графе есть; после консервативного исключения известных/непроверенных барьеров МГН связь не найдена.";"[""Обычный сетевой путь 211 м; в режиме исключения барьеров: нет связного пути OSM. Объект way 388690881; отсутствие wheelchair=yes у ворот также исключает ребро.""]";"Проверить непрерывность доступного маршрута до входа: ворота, бордюры, уклоны, поверхность и посадку; затем выбрать локальное устранение подтверждённого барьера.";Непрерывный доступный путь позволит пользоваться остановкой без ступеней или непроходимого входа.;"Консервативный режим исключает ворота с неизвестной доступностью и грубые поверхности. Это не доказательство невозможности проезда коляски; неизвестные теги не сертифицируют оставшиеся пути.";"Пройти маршрут совместно с пользователем кресла-коляски; измерить свободную ширину, продольный/поперечный уклон, высоту бордюров, доступность ворот и посадочной площадки. Сверить СП 59.13330 актуальной редакции.";"{""benefit"": 4, ""safety"": 5, ""accessibility"": 5, ""feasibility"": 3, ""evidence"": 1}";"[{""name"": ""Каталог остановок buscheb.ru"", ""url"": ""https://buscheb.ru/php/getStations.php?city=cheboksari""}, {""name"": ""OpenStreetMap · снимок Чувашии"", ""url"": ""https://www.osmlab.ru/regions/RU-CU.pbf""}, {""name"": ""Росстандарт · ГОСТ Р 70716-2023"", ""url"": ""https://protect.gost.ru/gost/details/ec825dd5-abe3-4062-8a19-63ddf5cef45f""}, {""name"": ""OSM way 388690881"", ""url"": ""https://www.openstreetmap.org/way/388690881""}]";низкая без натурной проверки;66;accessible;"{""id"": ""388690881"", ""osmType"": ""way"", ""name"": ""Начальная школа для обучающихся с ограниченными возможностями здоровья №2"", ""category"": ""образование"", ""point"": [47.165321172727275, 56.138706218181824], ""distance"": 211.3, ""accessibleDistance"": null, ""straightDistance"": 138.9, ""snap"": {""edge"": 47707, ""offset"": 20.18, ""u"": 1, ""seeds"": [[2189, 40.74], [49501, 20.18]]}, ""detourRatio"": 1.52, ""tags"": {""name"": ""Начальная школа для обучающихся с ограниченными возможностями здоровья №2"", ""barrier"": ""fence"", ""amenity"": ""school""}}";77.0;1
m12;"Проверить подходы: Автостанция ""Привокзальная""";47.264862;56.114851;место для обследования;Остановка не имеет допустимой привязки к нанесённой пешей сети в пределах 30 м.;"[""Привязка отклонена: нет близкого разрешённого ребра или соединение пересекает дорожную ось/ограждение."", ""Потенциальные OSM-объекты в 400 м по прямой: {'работа': 6, 'торговля и пересадки': 48, 'образование': 5, 'медицина': 1, 'жильё': 21}. Это приоритет обследования, не число пассажиров.""]";"Снять положение посадочной площадки и пути, обновить OSM; по результату рассмотреть тротуарный коннектор, доступную площадку, навес, свет и указатели пересадки.";"Проверка выявит реальный путь и условия ожидания; улучшение непрерывности подхода особенно полезно людям с колясками.";Нет связности в модели не означает отсутствие тротуара. Координата каталога может находиться на проезжей части. Наличие навеса, освещения и состояние покрытия не обследованы.;"Сверить координату с фактической посадкой; обследовать входы, переходы, бордюры, ширину, уклоны, поверхность, навес, освещённость и навигацию; учитывать пересадки и движение автобусов.";"{""benefit"": 4, ""safety"": 4, ""accessibility"": 5, ""feasibility"": 4, ""evidence"": 1}";"[{""name"": ""Каталог остановок buscheb.ru"", ""url"": ""https://buscheb.ru/php/getStations.php?city=cheboksari""}, {""name"": ""OpenStreetMap · снимок Чувашии"", ""url"": ""https://www.osmlab.ru/regions/RU-CU.pbf""}]";низкая без натурной проверки;15;survey;"{""stop"": 15, ""snap"": null, ""partner"": null, ""potentialObjects"": {""работа"": 6, ""торговля и пересадки"": 48, ""образование"": 5, ""медицина"": 1, ""жильё"": 21}, ""road"": {""id"": ""142107633"", ""tags"": {""name"": ""Привокзальная улица"", ""highway"": ""tertiary"", ""surface"": ""asphalt"", ""lanes"": ""4"", ""maxspeed"": ""RU:urban""}, ""distance"": 5.3}, ""crossing"": {""id"": ""3046167475"", ""distance"": 78.2, ""point"": [47.2650472, 56.1155465], ""tags"": {""highway"": ""crossing"", ""crossing"": ""uncontrolled""}}}";75.0;2
m13;Проверить подходы: Благовещенский мкр.;47.257376;56.136187;место для обследования;Остановка не имеет допустимой привязки к нанесённой пешей сети в пределах 30 м.;"[""Привязка отклонена: нет близкого разрешённого ребра или соединение пересекает дорожную ось/ограждение."", ""Потенциальные OSM-объекты в 400 м по прямой: {'торговля и пересадки': 11, 'работа': 2, 'жильё': 73, 'образование': 2}. Это приоритет обследования, не число пассажиров.""]";"Снять положение посадочной площадки и пути, обновить OSM; по результату рассмотреть тротуарный коннектор, доступную площадку, навес, свет и указатели пересадки.";"Проверка выявит реальный путь и условия ожидания; улучшение непрерывности подхода особенно полезно людям с колясками.";Нет связности в модели не означает отсутствие тротуара. Координата каталога может находиться на проезжей части. Наличие навеса, освещения и состояние покрытия не обследованы.;"Сверить координату с фактической посадкой; обследовать входы, переходы, бордюры, ширину, уклоны, поверхность, навес, освещённость и навигацию; учитывать пересадки и движение автобусов.";"{""benefit"": 4, ""safety"": 4, ""accessibility"": 5, ""feasibility"": 4, ""evidence"": 1}";"[{""name"": ""Каталог остановок buscheb.ru"", ""url"": ""https://buscheb.ru/php/getStations.php?city=cheboksari""}, {""name"": ""OpenStreetMap · снимок Чувашии"", ""url"": ""https://www.osmlab.ru/regions/RU-CU.pbf""}]";низкая без натурной проверки;51;survey;"{""stop"": 51, ""snap"": null, ""partner"": null, ""potentialObjects"": {""торговля и пересадки"": 11, ""работа"": 2, ""жильё"": 73, ""образование"": 2}, ""road"": {""id"": ""140497144"", ""tags"": {""name"": ""улица И.С. Тукташа"", ""highway"": ""residential"", ""surface"": ""asphalt"", ""smoothness"": ""excellent"", ""lanes"": ""2"", ""maxspeed"": ""RU:urban""}, ""distance"": 7.2}, ""crossing"": {""id"": ""4964332553"", ""distance"": 88.0, ""point"": [47.255971, 56.1360698], ""tags"": {""highway"": ""crossing"", ""crossing"": ""uncontrolled""}}}";75.0;3
m07;Связь остановок: Детский парк Николаева;47.262057;56.11725;обоснованная гипотеза;В нанесённой сети путь между одноимёнными остановками значительно длиннее прямого расстояния. Наличие проблемы на местности не подтверждено.;"[""Путь OSM 460 м против 34 м по прямой (×13.41); доп. длина модели 426 м, не ожидаемый эффект строительства."", ""Существующий переход OSM №8868656216 в 21 м по прямой от остановки: {'highway': 'crossing', 'crossing': 'uncontrolled'}. Следовательно, нельзя утверждать, что переход отсутствует."", ""Ближайшая дорожная линия: улица Энгельса; lanes=3 для этой линии/проезжей части, maxspeed=RU:urban — тег, не измеренная скорость. Потенциальные OSM-объекты в 400 м по прямой: {'торговля и пересадки': 51, 'работа': 6, 'образование': 4, 'медицина': 4, 'жильё': 39}.""]";"Проверить существующий переход и проходы; исправить картографическую связность. При реальном обходе рассмотреть соединение площадок с переходом, доступные бордюры и навигацию; новый переход — только после отдельного обоснования.";"Непрерывный безопасный путь может сократить обход при смене направления и пересадке; величина эффекта зависит от фактического пути.";"Модель соединяет остановку с ребром не далее 30 м. Отсутствующий OSM-коннектор к уже существующему переходу может полностью объяснять обход. Парность по имени — гипотеза; lanes не сумма полос двух проезжих частей. ДТП, видимость и реальные скорости: нет данных.";"Пройти обе связи и зафиксировать входы, ограждения и существующие переходы; измерить пешеходные направления и потоки, все полосы, скорости автомобилей (включая V85), видимость, освещение, бордюры и ДТП за несколько лет. Проверить актуальные нормы и согласование владельца дороги.";"{""benefit"": 4, ""safety"": 4, ""accessibility"": 4, ""feasibility"": 3, ""evidence"": 2}";"[{""name"": ""Каталог остановок buscheb.ru"", ""url"": ""https://buscheb.ru/php/getStations.php?city=cheboksari""}, {""name"": ""OpenStreetMap · снимок Чувашии"", ""url"": ""https://www.osmlab.ru/regions/RU-CU.pbf""}, {""name"": ""Госавтоинспекция · статистика ДТП"", ""url"": ""https://stat.gibdd.ru/""}, {""name"": ""Росстандарт · ГОСТ Р 70716-2023"", ""url"": ""https://protect.gost.ru/gost/details/ec825dd5-abe3-4062-8a19-63ddf5cef45f""}, {""name"": ""OSM node 8868656216"", ""url"": ""https://www.openstreetmap.org/node/8868656216""}]";средняя;119;transfer;"{""stop"": 119, ""snap"": {""edge"": 74012, ""offset"": 1.44, ""u"": 0.852107, ""seeds"": [[13315, 139.29], [13849, 25.36]]}, ""partner"": {""to"": 120, ""distance"": 460.4, ""straightDistance"": 34.3, ""detourRatio"": 13.41}, ""potentialObjects"": {""торговля и пересадки"": 51, ""работа"": 6, ""образование"": 4, ""медицина"": 4, ""жильё"": 39}, ""road"": {""id"": ""442865813"", ""tags"": {""name"": ""улица Энгельса"", ""highway"": ""tertiary"", ""surface"": ""asphalt"", ""smoothness"": ""good"", ""lit"": ""yes"", ""lanes"": ""3"", ""maxspeed"": ""RU:urban""}, ""distance"": 11.4}, ""crossing"": {""id"": ""8868656216"", ""distance"": 20.6, ""point"": [47.2621095, 56.1174326], ""tags"": {""highway"": ""crossing"", ""crossing"": ""uncontrolled""}}}";71.0;4
m08;Связь остановок: Дом печати;47.261711;56.106533;обоснованная гипотеза;В нанесённой сети путь между одноимёнными остановками значительно длиннее прямого расстояния. Наличие проблемы на местности не подтверждено.;"[""Путь OSM 660 м против 50 м по прямой (×13.18); доп. длина модели 610 м, не ожидаемый эффект строительства."", ""Существующий переход OSM №2329476419 в 97 м по прямой от остановки: {'highway': 'crossing', 'crossing': 'uncontrolled'}. Следовательно, нельзя утверждать, что переход отсутствует."", ""Ближайшая дорожная линия: проспект Ивана Яковлева; lanes=3 для этой линии/проезжей части, maxspeed=RU:urban — тег, не измеренная скорость. Потенциальные OSM-объекты в 400 м по прямой: {'торговля и пересадки': 22, 'работа': 2, 'жильё': 1, 'образование': 1}.""]";"Проверить существующий переход и проходы; исправить картографическую связность. При реальном обходе рассмотреть соединение площадок с переходом, доступные бордюры и навигацию; новый переход — только после отдельного обоснования.";"Непрерывный безопасный путь может сократить обход при смене направления и пересадке; величина эффекта зависит от фактического пути.";"Модель соединяет остановку с ребром не далее 30 м. Отсутствующий OSM-коннектор к уже существующему переходу может полностью объяснять обход. Парность по имени — гипотеза; lanes не сумма полос двух проезжих частей. ДТП, видимость и реальные скорости: нет данных.";"Пройти обе связи и зафиксировать входы, ограждения и существующие переходы; измерить пешеходные направления и потоки, все полосы, скорости автомобилей (включая V85), видимость, освещение, бордюры и ДТП за несколько лет. Проверить актуальные нормы и согласование владельца дороги.";"{""benefit"": 4, ""safety"": 4, ""accessibility"": 4, ""feasibility"": 3, ""evidence"": 2}";"[{""name"": ""Каталог остановок buscheb.ru"", ""url"": ""https://buscheb.ru/php/getStations.php?city=cheboksari""}, {""name"": ""OpenStreetMap · снимок Чувашии"", ""url"": ""https://www.osmlab.ru/regions/RU-CU.pbf""}, {""name"": ""Госавтоинспекция · статистика ДТП"", ""url"": ""https://stat.gibdd.ru/""}, {""name"": ""Росстандарт · ГОСТ Р 70716-2023"", ""url"": ""https://protect.gost.ru/gost/details/ec825dd5-abe3-4062-8a19-63ddf5cef45f""}, {""name"": ""OSM node 2329476419"", ""url"": ""https://www.openstreetmap.org/node/2329476419""}]";средняя;133;transfer;"{""stop"": 133, ""snap"": {""edge"": 59384, ""offset"": 6.04, ""u"": 0.432251, ""seeds"": [[59351, 21.95], [59352, 26.94]]}, ""partner"": {""to"": 134, ""distance"": 659.6, ""straightDistance"": 50.0, ""detourRatio"": 13.18}, ""potentialObjects"": {""торговля и пересадки"": 22, ""работа"": 2, ""жильё"": 1, ""образование"": 1}, ""road"": {""id"": ""289422594"", ""tags"": {""name"": ""проспект Ивана Яковлева"", ""highway"": ""primary"", ""foot"": ""no"", ""surface"": ""asphalt"", ""lit"": ""yes"", ""lanes"": ""3"", ""maxspeed"": ""RU:urban"", ""oneway"": ""yes"", ""sidewalk"": ""no""}, ""distance"": 7.9}, ""crossing"": {""id"": ""2329476419"", ""distance"": 97.1, ""point"": [47.260725, 56.1072109], ""tags"": {""highway"": ""crossing"", ""crossing"": ""uncontrolled""}}}";71.0;5
m09;Связь остановок: Кочаково;47.314676;56.109661;обоснованная гипотеза;В нанесённой сети путь между одноимёнными остановками значительно длиннее прямого расстояния. Наличие проблемы на местности не подтверждено.;"[""Путь OSM 632 м против 72 м по прямой (×8.81); доп. длина модели 560 м, не ожидаемый эффект строительства."", ""Существующий переход OSM №5003679639 в 15 м по прямой от остановки: {'highway': 'crossing'}. Следовательно, нельзя утверждать, что переход отсутствует."", ""Ближайшая дорожная линия: улица Ленинского Комсомола; lanes=2 для этой линии/проезжей части, maxspeed=40 — тег, не измеренная скорость. Потенциальные OSM-объекты в 400 м по прямой: {'торговля и пересадки': 11, 'работа': 1, 'жильё': 79, 'образование': 6}.""]";"Проверить существующий переход и проходы; исправить картографическую связность. При реальном обходе рассмотреть соединение площадок с переходом, доступные бордюры и навигацию; новый переход — только после отдельного обоснования.";"Непрерывный безопасный путь может сократить обход при смене направления и пересадке; величина эффекта зависит от фактического пути.";"Модель соединяет остановку с ребром не далее 30 м. Отсутствующий OSM-коннектор к уже существующему переходу может полностью объяснять обход. Парность по имени — гипотеза; lanes не сумма полос двух проезжих частей. ДТП, видимость и реальные скорости: нет данных.";"Пройти обе связи и зафиксировать входы, ограждения и существующие переходы; измерить пешеходные направления и потоки, все полосы, скорости автомобилей (включая V85), видимость, освещение, бордюры и ДТП за несколько лет. Проверить актуальные нормы и согласование владельца дороги.";"{""benefit"": 4, ""safety"": 4, ""accessibility"": 4, ""feasibility"": 3, ""evidence"": 2}";"[{""name"": ""Каталог остановок buscheb.ru"", ""url"": ""https://buscheb.ru/php/getStations.php?city=cheboksari""}, {""name"": ""OpenStreetMap · снимок Чувашии"", ""url"": ""https://www.osmlab.ru/regions/RU-CU.pbf""}, {""name"": ""Госавтоинспекция · статистика ДТП"", ""url"": ""https://stat.gibdd.ru/""}, {""name"": ""Росстандарт · ГОСТ Р 70716-2023"", ""url"": ""https://protect.gost.ru/gost/details/ec825dd5-abe3-4062-8a19-63ddf5cef45f""}, {""name"": ""OSM node 5003679639"", ""url"": ""https://www.openstreetmap.org/node/5003679639""}]";средняя;231;transfer;"{""stop"": 231, ""snap"": {""edge"": 22646, ""offset"": 4.51, ""u"": 0.728485, ""seeds"": [[26559, 237.61], [26560, 91.39]]}, ""partner"": {""to"": 232, ""distance"": 632.1, ""straightDistance"": 71.7, ""detourRatio"": 8.81}, ""potentialObjects"": {""торговля и пересадки"": 11, ""работа"": 1, ""жильё"": 79, ""образование"": 6}, ""road"": {""id"": ""298790653"", ""tags"": {""name"": ""улица Ленинского Комсомола"", ""highway"": ""secondary"", ""surface"": ""asphalt"", ""lanes"": ""2"", ""maxspeed"": ""40"", ""oneway"": ""no""}, ""distance"": 9.9}, ""crossing"": {""id"": ""5003679639"", ""distance"": 14.6, ""point"": [47.31486, 56.1095796], ""tags"": {""highway"": ""crossing""}}}";71.0;6
m10;Подход: ДЮСШ №4 им. Тихонова;47.20732065;56.07293285;обоснованная гипотеза;"В OSM от объекта до сети ближайших остановок получается длинный путь; прямой круг переоценивает доступность.";"[""Совхозная улица, 2Б; сетевой путь до любой привязанной остановки 1389 м, ближайшая по прямой 324 м, отношение 4.29; школьный объект — прокси потенциального спроса."", ""За 10 мин при 4,5 км/ч бюджет 750 м: объект за пределом расчётной доступности. Привязка к пути 23.9 м; точка — центр OSM-объекта, не проверенный вход.""]";"Обследовать входы и маршрут детей; проверить нанесённость короткого прохода. При реальном разрыве рассмотреть дорожку к существующему переходу или изменение остановки после проверки маршрута и безопасности.";"Непрерывный подход может уменьшить обход к учебному объекту; спрос и количественная польза не измерены.";"Геометрия входов и расписание учреждения неизвестны. Модель не доказывает отсутствие физического короткого пути; ближайшая по прямой остановка может отличаться от достигнутой по сети.";"Пройти от фактического входа до остановок в обоих направлениях; проверить ворота, зимнее содержание, свет, ширину и бордюры; наблюдать поток детей. Проверить варианты добавления/переноса остановки с оператором.";"{""benefit"": 3, ""safety"": 5, ""accessibility"": 4, ""feasibility"": 3, ""evidence"": 2}";"[{""name"": ""Каталог остановок buscheb.ru"", ""url"": ""https://buscheb.ru/php/getStations.php?city=cheboksari""}, {""name"": ""OpenStreetMap · снимок Чувашии"", ""url"": ""https://www.osmlab.ru/regions/RU-CU.pbf""}, {""name"": ""Росстандарт · ГОСТ Р 70716-2023"", ""url"": ""https://protect.gost.ru/gost/details/ec825dd5-abe3-4062-8a19-63ddf5cef45f""}, {""name"": ""OSM way 285150029"", ""url"": ""https://www.openstreetmap.org/way/285150029""}]";средняя;372;approach;"{""id"": ""285150029"", ""osmType"": ""way"", ""name"": ""ДЮСШ №4 им. Тихонова"", ""category"": ""образование"", ""point"": [47.20732065, 56.07293285], ""distance"": 1389.3, ""accessibleDistance"": null, ""straightDistance"": 323.6, ""snap"": {""edge"": 22878, ""offset"": 23.95, ""u"": 0.810055, ""seeds"": [[1279, 101.01], [26771, 42.02]]}, ""detourRatio"": 4.29, ""tags"": {""name"": ""ДЮСШ №4 им. Тихонова"", ""building"": ""yes"", ""building:levels"": ""2"", ""amenity"": ""school"", ""addr:street"": ""Совхозная улица"", ""addr:housenumber"": ""2Б""}}";71.0;7
m11;Подход: Школа искусств;47.21924761666667;56.06989803333334;обоснованная гипотеза;"В OSM от объекта до сети ближайших остановок получается длинный путь; прямой круг переоценивает доступность.";"[""Совхозная улица, 9Б; сетевой путь до любой привязанной остановки 847 м, ближайшая по прямой 239 м, отношение 3.55; школьный объект — прокси потенциального спроса."", ""За 10 мин при 4,5 км/ч бюджет 750 м: объект за пределом расчётной доступности. Привязка к пути 18.0 м; точка — центр OSM-объекта, не проверенный вход.""]";"Обследовать входы и маршрут детей; проверить нанесённость короткого прохода. При реальном разрыве рассмотреть дорожку к существующему переходу или изменение остановки после проверки маршрута и безопасности.";"Непрерывный подход может уменьшить обход к учебному объекту; спрос и количественная польза не измерены.";"Геометрия входов и расписание учреждения неизвестны. Модель не доказывает отсутствие физического короткого пути; ближайшая по прямой остановка может отличаться от достигнутой по сети.";"Пройти от фактического входа до остановок в обоих направлениях; проверить ворота, зимнее содержание, свет, ширину и бордюры; наблюдать поток детей. Проверить варианты добавления/переноса остановки с оператором.";"{""benefit"": 3, ""safety"": 5, ""accessibility"": 4, ""feasibility"": 3, ""evidence"": 2}";"[{""name"": ""Каталог остановок buscheb.ru"", ""url"": ""https://buscheb.ru/php/getStations.php?city=cheboksari""}, {""name"": ""OpenStreetMap · снимок Чувашии"", ""url"": ""https://www.osmlab.ru/regions/RU-CU.pbf""}, {""name"": ""Росстандарт · ГОСТ Р 70716-2023"", ""url"": ""https://protect.gost.ru/gost/details/ec825dd5-abe3-4062-8a19-63ddf5cef45f""}, {""name"": ""OSM way 306541850"", ""url"": ""https://www.openstreetmap.org/way/306541850""}]";средняя;326;approach;"{""id"": ""306541850"", ""osmType"": ""way"", ""name"": ""Школа искусств"", ""category"": ""образование"", ""point"": [47.21924761666667, 56.06989803333334], ""distance"": 846.8, ""accessibleDistance"": 846.8, ""straightDistance"": 238.6, ""snap"": {""edge"": 58276, ""offset"": 18.0, ""u"": 0.470215, ""seeds"": [[47942, 36.86], [58444, 39.24]]}, ""detourRatio"": 3.55, ""tags"": {""name"": ""Школа искусств"", ""building"": ""school"", ""building:levels"": ""1"", ""amenity"": ""school"", ""addr:street"": ""Совхозная улица"", ""addr:housenumber"": ""9Б""}}";71.0;8
m01;Замедление: ул.Богдана Хмельницкого;47.225397496888924;56.12497933884298;подтверждённое наблюдение;"Повторяется малая скорость наблюдаемого транспорта на участке сетки 250 м; причина не установлена.";"[""Т:10, курс В, утро (7–10 МСК), будни. Средняя 6.2 км/ч, 95% ДИ по дням 5.5–7.1; P10/P50/P90 0.0/6.4/16.5."", ""14 дней, 10 машин, 185 сегментов; 14 дней со средней <12 км/ч. Доля времени <5 км/ч 51.4%. Даты: 2026-09-15, 2026-09-16, 2026-09-17, 2026-09-18, 2026-09-21, 2026-09-22, 2026-09-23, 2026-09-24, 2026-09-25, 2026-09-28, 2026-09-29, 2026-09-30, 2026-10-01, 2026-10-02."", ""Другой курс С: 1.4 км/ч, 14 дней (состав сегментов может различаться).""]";"Обследовать задержки; при подтверждении светофорной причины рассмотреть транспортный приоритет, настройку фаз или организацию подхода к остановке.";Уменьшение повторяющихся задержек может улучшить время поездки и регулярность. Эффект в минутах не рассчитан.;"Середина сегмента вне радиуса 70 м не исключает стоянку на части сегмента. GPS не измеряет загрузку всей дороги. Клетка может содержать несколько улиц; ближайшая остановка — ориентир. Терминальные клетки отсеяны, остаточная стоянка возможна.";"Проехать с журналом открытия дверей; измерить очереди и задержки по фазам, контрольное время движения, фактическую полосу и остановку. Сверить маршрут и график с оператором.";"{""benefit"": 4, ""safety"": 3, ""accessibility"": 3, ""feasibility"": 3, ""evidence"": 4}";"[{""name"": ""GPS-архив daniilakk / buscheb.ru"", ""url"": ""https://huggingface.co/datasets/daniilakk/cheboksary-public-transport-gps-daily""}, {""name"": ""Каталог остановок buscheb.ru"", ""url"": ""https://buscheb.ru/php/getStations.php?city=cheboksari""}, {""name"": ""ЧТУ · официальные маршруты"", ""url"": ""https://xn--21-qmces.xn--p1ai/marshruty.html""}]";высокая для наблюдения, средняя для причины;551;speed;"{""lon"": 47.225397496888924, ""lat"": 56.12497933884298, ""cell"": [33, 34], ""route"": ""Т:10"", ""direction"": 1, ""kind"": ""будний"", ""period"": ""утро"", ""location"": ""между остановками"", ""speed"": 6.225, ""p10"": 0.0, ""median"": 6.386, ""p90"": 16.467, ""slowShare"": 0.514, ""seconds"": 11724, ""n"": 185, ""vehicles"": 10, ""days"": [""2026-09-15"", ""2026-09-16"", ""2026-09-17"", ""2026-09-18"", ""2026-09-21"", ""2026-09-22"", ""2026-09-23"", ""2026-09-24"", ""2026-09-25"", ""2026-09-28"", ""2026-09-29"", ""2026-09-30"", ""2026-10-01"", ""2026-10-02""], ""slowDays"": 14, ""daySpeedRange"": [4.322, 11.455], ""speedCI"": [5.549, 7.053]}";68.0;9
m02;Замедление: Мир Луксор;47.253602446487605;56.12497933884298;подтверждённое наблюдение;"Повторяется малая скорость наблюдаемого транспорта на участке сетки 250 м; причина не установлена.";"[""Т:1, курс Ю, утро (7–10 МСК), будни. Средняя 6.6 км/ч, 95% ДИ по дням 5.9–7.2; P10/P50/P90 2.2/7.1/10.4."", ""14 дней, 31 машин, 214 сегментов; 14 дней со средней <12 км/ч. Доля времени <5 км/ч 29.0%. Даты: 2026-09-15, 2026-09-16, 2026-09-17, 2026-09-18, 2026-09-21, 2026-09-22, 2026-09-23, 2026-09-24, 2026-09-25, 2026-09-28, 2026-09-29, 2026-09-30, 2026-10-01, 2026-10-02."", ""Другой курс С: 15.0 км/ч, 14 дней (состав сегментов может различаться).""]";"Обследовать задержки; при подтверждении светофорной причины рассмотреть транспортный приоритет, настройку фаз или организацию подхода к остановке.";Уменьшение повторяющихся задержек может улучшить время поездки и регулярность. Эффект в минутах не рассчитан.;"Середина сегмента вне радиуса 70 м не исключает стоянку на части сегмента. GPS не измеряет загрузку всей дороги. Клетка может содержать несколько улиц; ближайшая остановка — ориентир. Терминальные клетки отсеяны, остаточная стоянка возможна.";"Проехать с журналом открытия дверей; измерить очереди и задержки по фазам, контрольное время движения, фактическую полосу и остановку. Сверить маршрут и график с оператором.";"{""benefit"": 4, ""safety"": 3, ""accessibility"": 3, ""feasibility"": 3, ""evidence"": 4}";"[{""name"": ""GPS-архив daniilakk / buscheb.ru"", ""url"": ""https://huggingface.co/datasets/daniilakk/cheboksary-public-transport-gps-daily""}, {""name"": ""Каталог остановок buscheb.ru"", ""url"": ""https://buscheb.ru/php/getStations.php?city=cheboksari""}, {""name"": ""ЧТУ · официальные маршруты"", ""url"": ""https://xn--21-qmces.xn--p1ai/marshruty.html""}]";высокая для наблюдения, средняя для причины;302;speed;"{""lon"": 47.253602446487605, ""lat"": 56.12497933884298, ""cell"": [40, 34], ""route"": ""Т:1"", ""direction"": 2, ""kind"": ""будний"", ""period"": ""утро"", ""location"": ""между остановками"", ""speed"": 6.566, ""p10"": 2.153, ""median"": 7.093, ""p90"": 10.37, ""slowShare"": 0.29, ""seconds"": 12837, ""n"": 214, ""vehicles"": 31, ""days"": [""2026-09-15"", ""2026-09-16"", ""2026-09-17"", ""2026-09-18"", ""2026-09-21"", ""2026-09-22"", ""2026-09-23"", ""2026-09-24"", ""2026-09-25"", ""2026-09-28"", ""2026-09-29"", ""2026-09-30"", ""2026-10-01"", ""2026-10-02""], ""slowDays"": 14, ""daySpeedRange"": [4.156, 8.545], ""speedCI"": [5.876, 7.209]}";68.0;10
m03;Замедление: Русский драмтеатр;47.253602446487605;56.122733560905495;подтверждённое наблюдение;"Повторяется малая скорость наблюдаемого транспорта на участке сетки 250 м; причина не установлена.";"[""М:43, курс В, утро (7–10 МСК), будни. Средняя 7.0 км/ч, 95% ДИ по дням 6.4–7.7; P10/P50/P90 3.7/6.9/18.3."", ""13 дней, 15 машин, 205 сегментов; 13 дней со средней <12 км/ч. Доля времени <5 км/ч 39.4%. Даты: 2026-09-15, 2026-09-16, 2026-09-17, 2026-09-18, 2026-09-21, 2026-09-22, 2026-09-23, 2026-09-25, 2026-09-28, 2026-09-29, 2026-09-30, 2026-10-01, 2026-10-02."", ""Другой курс С: 5.9 км/ч, 13 дней (состав сегментов может различаться)."", ""Другой курс З: 7.5 км/ч, 13 дней (состав сегментов может различаться).""]";"Обследовать задержки; при подтверждении светофорной причины рассмотреть транспортный приоритет, настройку фаз или организацию подхода к остановке.";Уменьшение повторяющихся задержек может улучшить время поездки и регулярность. Эффект в минутах не рассчитан.;"Середина сегмента вне радиуса 70 м не исключает стоянку на части сегмента. GPS не измеряет загрузку всей дороги. Клетка может содержать несколько улиц; ближайшая остановка — ориентир. Терминальные клетки отсеяны, остаточная стоянка возможна.";"Проехать с журналом открытия дверей; измерить очереди и задержки по фазам, контрольное время движения, фактическую полосу и остановку. Сверить маршрут и график с оператором.";"{""benefit"": 4, ""safety"": 3, ""accessibility"": 3, ""feasibility"": 3, ""evidence"": 4}";"[{""name"": ""GPS-архив daniilakk / buscheb.ru"", ""url"": ""https://huggingface.co/datasets/daniilakk/cheboksary-public-transport-gps-daily""}, {""name"": ""Каталог остановок buscheb.ru"", ""url"": ""https://buscheb.ru/php/getStations.php?city=cheboksari""}, {""name"": ""ЧТУ · официальные маршруты"", ""url"": ""https://xn--21-qmces.xn--p1ai/marshruty.html""}]";высокая для наблюдения, средняя для причины;421;speed;"{""lon"": 47.253602446487605, ""lat"": 56.122733560905495, ""cell"": [40, 33], ""route"": ""М:43"", ""direction"": 1, ""kind"": ""будний"", ""period"": ""утро"", ""location"": ""между остановками"", ""speed"": 7.022, ""p10"": 3.659, ""median"": 6.923, ""p90"": 18.311, ""slowShare"": 0.394, ""seconds"": 16834, ""n"": 205, ""vehicles"": 15, ""days"": [""2026-09-15"", ""2026-09-16"", ""2026-09-17"", ""2026-09-18"", ""2026-09-21"", ""2026-09-22"", ""2026-09-23"", ""2026-09-25"", ""2026-09-28"", ""2026-09-29"", ""2026-09-30"", ""2026-10-01"", ""2026-10-02""], ""slowDays"": 13, ""daySpeedRange"": [5.037, 9.541], ""speedCI"": [6.424, 7.693]}";68.0;11
m04;"Замедление: Торговый центр ""Лента""";47.32612945974135;56.10925889328063;подтверждённое наблюдение;"Повторяется малая скорость наблюдаемого транспорта на участке сетки 250 м; причина не установлена.";"[""Т:14, курс В, вечерний пик (16–19 МСК), будни. Средняя 7.9 км/ч, 95% ДИ по дням 6.8–9.1; P10/P50/P90 0.0/5.4/20.6."", ""14 дней, 18 машин, 168 сегментов; 13 дней со средней <12 км/ч. Доля времени <5 км/ч 46.9%. Даты: 2026-09-15, 2026-09-16, 2026-09-17, 2026-09-18, 2026-09-21, 2026-09-22, 2026-09-23, 2026-09-24, 2026-09-25, 2026-09-28, 2026-09-29, 2026-09-30, 2026-10-01, 2026-10-02."", ""Другой курс З: 17.2 км/ч, 14 дней (состав сегментов может различаться).""]";"Обследовать задержки; при подтверждении светофорной причины рассмотреть транспортный приоритет, настройку фаз или организацию подхода к остановке.";Уменьшение повторяющихся задержек может улучшить время поездки и регулярность. Эффект в минутах не рассчитан.;"Середина сегмента вне радиуса 70 м не исключает стоянку на части сегмента. GPS не измеряет загрузку всей дороги. Клетка может содержать несколько улиц; ближайшая остановка — ориентир. Терминальные клетки отсеяны, остаточная стоянка возможна.";"Проехать с журналом открытия дверей; измерить очереди и задержки по фазам, контрольное время движения, фактическую полосу и остановку. Сверить маршрут и график с оператором.";"{""benefit"": 4, ""safety"": 3, ""accessibility"": 3, ""feasibility"": 3, ""evidence"": 4}";"[{""name"": ""GPS-архив daniilakk / buscheb.ru"", ""url"": ""https://huggingface.co/datasets/daniilakk/cheboksary-public-transport-gps-daily""}, {""name"": ""Каталог остановок buscheb.ru"", ""url"": ""https://buscheb.ru/php/getStations.php?city=cheboksari""}, {""name"": ""ЧТУ · официальные маршруты"", ""url"": ""https://xn--21-qmces.xn--p1ai/marshruty.html""}]";высокая для наблюдения, средняя для причины;500;speed;"{""lon"": 47.32612945974135, ""lat"": 56.10925889328063, ""cell"": [58, 27], ""route"": ""Т:14"", ""direction"": 1, ""kind"": ""будний"", ""period"": ""вечерний пик"", ""location"": ""между остановками"", ""speed"": 7.858, ""p10"": 0.0, ""median"": 5.448, ""p90"": 20.605, ""slowShare"": 0.469, ""seconds"": 10189, ""n"": 168, ""vehicles"": 18, ""days"": [""2026-09-15"", ""2026-09-16"", ""2026-09-17"", ""2026-09-18"", ""2026-09-21"", ""2026-09-22"", ""2026-09-23"", ""2026-09-24"", ""2026-09-25"", ""2026-09-28"", ""2026-09-29"", ""2026-09-30"", ""2026-10-01"", ""2026-10-02""], ""slowDays"": 13, ""daySpeedRange"": [4.715, 14.374], ""speedCI"": [6.824, 9.111]}";68.0;12
m05;Регулярность: Мичмана Павлова;47.163555;56.135702;подтверждённое наблюдение;"Наблюдаемые интервалы сильно различаются; зафиксированы короткие следования и длинные разрывы.";"[""Т:1, rid 1, курс С, день, будни: медиана 7.0 мин, P90 18.8 мин, CV 0.84."", ""458 интервалов за 14 дней; H≤2 мин: 28, длинные разрывы: 67; исключено 5 интервалов. 95% ДИ медианы 6.8–8.0 мин. Условное E(W) 8.0 мин; ДИ [7.317, 8.821]."", ""Даты: 2026-09-15, 2026-09-16, 2026-09-17, 2026-09-18, 2026-09-21, 2026-09-22, 2026-09-23, 2026-09-24, 2026-09-25, 2026-09-28, 2026-09-29, 2026-09-30, 2026-10-01, 2026-10-02""]";"Сверить с рейсами оператора и натурным журналом; при подтверждении рассмотреть регулирование интервалов и навигацию о следующем рейсе.";"Более ровные интервалы уменьшают случайное ожидание; нельзя оценить пассажирскую пользу без спроса и полной записи рейсов.";"Входы в 70 м могут пропускаться или относиться к соседней стороне. Полнота отдельных машин неизвестна; это не доказательство нарушения расписания. E(W) — только сценарий случайного прихода.";"Считать фактические проезды и посадки в оба направления в те же часы; сверить пропуски GPS, диспетчерский журнал, работу табло и доступность посадочной площадки.";"{""benefit"": 4, ""safety"": 2, ""accessibility"": 3, ""feasibility"": 4, ""evidence"": 4}";"[{""name"": ""GPS-архив daniilakk / buscheb.ru"", ""url"": ""https://huggingface.co/datasets/daniilakk/cheboksary-public-transport-gps-daily""}, {""name"": ""Каталог остановок buscheb.ru"", ""url"": ""https://buscheb.ru/php/getStations.php?city=cheboksari""}, {""name"": ""ЧТУ · официальные маршруты"", ""url"": ""https://xn--21-qmces.xn--p1ai/marshruty.html""}, {""name"": ""ЧТУ · расписание"", ""url"": ""https://xn--21-qmces.xn--p1ai/raspis.html""}]";высокая для наблюдения, средняя для причины;303;headway;"{""n"": 458, ""median"": 7.008, ""p90"": 18.81, ""mean"": 9.368, ""cv"": 0.838, ""wait"": 7.977, ""bunches"": 28, ""longGaps"": 67, ""stop"": 303, ""route"": ""Т:1"", ""sourceRoute"": ""1"", ""direction"": 0, ""kind"": ""будний"", ""period"": ""день"", ""days"": [""2026-09-15"", ""2026-09-16"", ""2026-09-17"", ""2026-09-18"", ""2026-09-21"", ""2026-09-22"", ""2026-09-23"", ""2026-09-24"", ""2026-09-25"", ""2026-09-28"", ""2026-09-29"", ""2026-09-30"", ""2026-10-01"", ""2026-10-02""], ""visits"": 477, ""censored"": 5, ""medianCI"": [6.846, 7.967], ""waitCI"": [7.317, 8.821], ""dayMedians"": [{""date"": ""2026-09-15"", ""median"": 6.633, ""n"": 36}, {""date"": ""2026-09-16"", ""median"": 6.817, ""n"": 13}, {""date"": ""2026-09-17"", ""median"": 6.317, ""n"": 35}, {""date"": ""2026-09-18"", ""median"": 8.0, ""n"": 19}, {""date"": ""2026-09-21"", ""median"": 7.933, ""n"": 29}, {""date"": ""2026-09-22"", ""median"": 7.125, ""n"": 30}, {""date"": ""2026-09-23"", ""median"": 7.05, ""n"": 35}, {""date"": ""2026-09-24"", ""median"": 6.775, ""n"": 40}, {""date"": ""2026-09-25"", ""median"": 10.083, ""n"": 27}, {""date"": ""2026-09-28"", ""median"": 6.317, ""n"": 42}, {""date"": ""2026-09-29"", ""median"": 6.908, ""n"": 42}, {""date"": ""2026-09-30"", ""median"": 8.125, ""n"": 36}, {""date"": ""2026-10-01"", ""median"": 6.15, ""n"": 37}, {""date"": ""2026-10-02"", ""median"": 6.283, ""n"": 37}]}";66.0;13
m06;Регулярность: Проспект Тракторостроителей;47.362843;56.125551;подтверждённое наблюдение;"Наблюдаемые интервалы сильно различаются; зафиксированы короткие следования и длинные разрывы.";"[""М:65, rid 148, курс В, день, будни: медиана 10.1 мин, P90 29.1 мин, CV 0.82."", ""324 интервалов за 13 дней; H≤2 мин: 14, длинные разрывы: 58; исключено 1 интервалов. 95% ДИ медианы 8.3–11.3 мин. Условное E(W) 11.0 мин; ДИ [9.924, 11.961]."", ""Даты: 2026-09-15, 2026-09-16, 2026-09-17, 2026-09-21, 2026-09-22, 2026-09-23, 2026-09-24, 2026-09-25, 2026-09-28, 2026-09-29, 2026-09-30, 2026-10-01, 2026-10-02""]";"Сверить с рейсами оператора и натурным журналом; при подтверждении рассмотреть регулирование интервалов и навигацию о следующем рейсе.";"Более ровные интервалы уменьшают случайное ожидание; нельзя оценить пассажирскую пользу без спроса и полной записи рейсов.";"Входы в 70 м могут пропускаться или относиться к соседней стороне. Полнота отдельных машин неизвестна; это не доказательство нарушения расписания. E(W) — только сценарий случайного прихода.";"Считать фактические проезды и посадки в оба направления в те же часы; сверить пропуски GPS, диспетчерский журнал, работу табло и доступность посадочной площадки.";"{""benefit"": 4, ""safety"": 2, ""accessibility"": 3, ""feasibility"": 4, ""evidence"": 4}";"[{""name"": ""GPS-архив daniilakk / buscheb.ru"", ""url"": ""https://huggingface.co/datasets/daniilakk/cheboksary-public-transport-gps-daily""}, {""name"": ""Каталог остановок buscheb.ru"", ""url"": ""https://buscheb.ru/php/getStations.php?city=cheboksari""}, {""name"": ""ЧТУ · официальные маршруты"", ""url"": ""https://xn--21-qmces.xn--p1ai/marshruty.html""}, {""name"": ""ЧТУ · расписание"", ""url"": ""https://xn--21-qmces.xn--p1ai/raspis.html""}]";высокая для наблюдения, средняя для причины;403;headway;"{""n"": 324, ""median"": 10.092, ""p90"": 29.123, ""mean"": 13.142, ""cv"": 0.818, ""wait"": 10.965, ""bunches"": 14, ""longGaps"": 58, ""stop"": 403, ""route"": ""М:65"", ""sourceRoute"": ""148"", ""direction"": 1, ""kind"": ""будний"", ""period"": ""день"", ""days"": [""2026-09-15"", ""2026-09-16"", ""2026-09-17"", ""2026-09-21"", ""2026-09-22"", ""2026-09-23"", ""2026-09-24"", ""2026-09-25"", ""2026-09-28"", ""2026-09-29"", ""2026-09-30"", ""2026-10-01"", ""2026-10-02""], ""visits"": 338, ""censored"": 1, ""medianCI"": [8.262, 11.293], ""waitCI"": [9.924, 11.961], ""dayMedians"": [{""date"": ""2026-09-15"", ""median"": 15.242, ""n"": 16}, {""date"": ""2026-09-16"", ""median"": 13.208, ""n"": 20}, {""date"": ""2026-09-17"", ""median"": 14.367, ""n"": 19}, {""date"": ""2026-09-21"", ""median"": 8.5, ""n"": 28}, {""date"": ""2026-09-22"", ""median"": 10.767, ""n"": 25}, {""date"": ""2026-09-23"", ""median"": 10.792, ""n"": 20}, {""date"": ""2026-09-24"", ""median"": 14.767, ""n"": 21}, {""date"": ""2026-09-25"", ""median"": 7.65, ""n"": 33}, {""date"": ""2026-09-28"", ""median"": 7.2, ""n"": 33}, {""date"": ""2026-09-29"", ""median"": 7.583, ""n"": 25}, {""date"": ""2026-09-30"", ""median"": 9.983, ""n"": 29}, {""date"": ""2026-10-01"", ""median"": 10.133, ""n"": 31}, {""date"": ""2026-10-02"", ""median"": 10.733, ""n"": 24}]}";66.0;14
