date;kind;eligible;routesInCommon
2026-09-14;будний;False;0
2026-09-15;будний;True;39
2026-09-16;будний;True;39
2026-09-17;будний;True;39
2026-09-18;будний;True;39
2026-09-19;выходной;True;39
2026-09-20;выходной;True;39
2026-09-21;будний;True;39
2026-09-22;будний;True;39
2026-09-23;будний;True;39
2026-09-24;будний;True;39
2026-09-25;будний;True;39
2026-09-26;выходной;True;39
2026-09-27;выходной;True;39
2026-09-28;будний;True;39
2026-09-29;будний;True;39
2026-09-30;будний;True;39
2026-10-01;будний;True;39
2026-10-02;будний;True;39
2026-10-03;выходной;True;39
2026-10-04;выходной;True;39
2026-10-05;будний;False;0
2026-10-06;будний;False;0
2026-10-07;будний;False;0
